web-scraper-order,web-scraper-start-url,product-link,product-link-href,product_name,price,description
"1731551934-1","https://www.amazon.ca/s?k=Knife&crid=QL5BVX2FO3I7&sprefix=knife%2Caps%2C199&ref=nb_sb_noss_1","Glad Paring Knife Set, Pack of 4 | Sharp Stainless Steel Blades with Non-Slip Handles | 3.5-Inch Kitchen Knives for Cutting Vegetables and Peeling Fruit,Gray","https://www.amazon.ca/Glad-Stainless-Non-Slip-3-5-Inch-Vegetables/dp/B08SJ85M62/ref=sr_1_56?crid=QL5BVX2FO3I7&dib=eyJ2IjoiMSJ9.F1dFyELlrvr-h1hn7PVeh6xTSrq6JC1h9arIRe7UlHqjYCXcmDKHICSdIcTq1nINXnNAEDq5CZ53u0JRBxIbUJDyW8b7_sB4wx-j8Qqv6TfVJPlFdD4zf58yUwp7iqrIMtX-xiQoiYxi2sl-_9Bt_VQ1tVYRlXe1nkX7csRpoH3LtpLDQUrjqbN8laxmSDuxFDfBiHtMNDF46w5dQPAyE1EaF-Dgeujk9TDe-lLxlLqsakU2Wy3PxhOMxZ7zyjFwUqCeuF_FRzWZ60QLi0VV2hATEQftOgibMLaVqSvUc_o.3zo-IDbwIZICePJ7-rWMnrez5A4p1kc_W_Ev3r5BQas&dib_tag=se&keywords=Knife&qid=1731551926&sprefix=knife%2Caps%2C199&sr=8-56","Glad Paring Knife Set, Pack of 4 | Sharp Stainless Steel Blades with Non-Slip Handles | 3.5-Inch Kitchen Knives for Cutting Vegetables and Peeling Fruit,Gray","$11.69","4-PIECE PARING KNIFE SET – Paring knives are known for their short blades that offer excellent precision for peeling, cutting, dicing, and slicing. This set of 4 paring knives is perfect for everyday kitchen cooking tasks.     STRAIGHT EDGE STAINLESS STEEL BLADES – Each sharpened knife is built with a 3.5-inch long high carbon stainless steel blade that is resistant to corrosion for lasting use. Hand wash only.     NON-SLIP HANDLES FOR ADDED SAFETY – Cutlery is complete with non-slip grip handles for maximum control and comfort to ensure a firm and stable grip.     MULTIPURPOSE KITCHEN KNIVES – This versatile set of paring knives is perfect for a variety of cooking needs and is ideal for dicing and de-seeding vegetables, peeling and coring fruit, and slicing up uniform pieces of cheese.     HOME AND APARTMENT ESSENTIAL – Good quality knives are crucial in any household kitchen. This small stainless steel paring knife set makes a great gift for housewarming, college students, and wedding registries."
"1731551937-2","https://www.amazon.ca/s?k=Knife&crid=QL5BVX2FO3I7&sprefix=knife%2Caps%2C199&ref=nb_sb_noss_1","RoverTac Pocket Knife Tactical Folding Knife Multi Tool Survival Camping Knife, Multitool Knife Pliers Bottle & Can Opener 9-Pack Screwdrivers Liner Lock Nylon Sheath, Pocket Knife for Camping Hiking","https://www.amazon.ca/RoverTac-Folding-Survival-Screwdriver-Opener-Perfect/dp/B077YNTQN7/ref=sr_1_55?crid=QL5BVX2FO3I7&dib=eyJ2IjoiMSJ9.F1dFyELlrvr-h1hn7PVeh6xTSrq6JC1h9arIRe7UlHqjYCXcmDKHICSdIcTq1nINXnNAEDq5CZ53u0JRBxIbUJDyW8b7_sB4wx-j8Qqv6TfVJPlFdD4zf58yUwp7iqrIMtX-xiQoiYxi2sl-_9Bt_VQ1tVYRlXe1nkX7csRpoH3LtpLDQUrjqbN8laxmSDuxFDfBiHtMNDF46w5dQPAyE1EaF-Dgeujk9TDe-lLxlLqsakU2Wy3PxhOMxZ7zyjFwUqCeuF_FRzWZ60QLi0VV2hATEQftOgibMLaVqSvUc_o.3zo-IDbwIZICePJ7-rWMnrez5A4p1kc_W_Ev3r5BQas&dib_tag=se&keywords=Knife&qid=1731551926&sprefix=knife%2Caps%2C199&sr=8-55","$7.99","$26.99","Pocket Multitool Knife: Features 3.15'' Knife, Pliers, Wire Cutter, Bottle & Can Opener, 9-Pack Screwdrivers and it comes with a nylon pouch     Pocket Folding Knife: Made of solid Stainless Steel and in black oxidation with an aluminum handle. Excellent in Cutting and Piercing     Secure and Safe: This Folding Tactical Knife is equipped with a liner lock that securely locks the Knife blade and screwdriver in place for use     Perfect Pocket Knife for Camping Hiking Survival DIY EDC. And it's a great addition to toolbox, glovebox, workwear, and fishing and hiking gear     100% Satisfaction Guarantee: We stand behind our products and warranty. RoverTac offers a lifetime warranty against defects in material and workmanship and no reason return policy to guarantee you the BEST purchase experience"
"1731551941-3","https://www.amazon.ca/s?k=Knife&crid=QL5BVX2FO3I7&sprefix=knife%2Caps%2C199&ref=nb_sb_noss_1","Amazon Basics Stainless Steel Dinner Knives with Round Edge, Pack of 12","https://www.amazon.ca/AmazonBasics-Stainless-Steel-Dinner-Knives/dp/B0736V2XS2/ref=sr_1_54?crid=QL5BVX2FO3I7&dib=eyJ2IjoiMSJ9.F1dFyELlrvr-h1hn7PVeh6xTSrq6JC1h9arIRe7UlHqjYCXcmDKHICSdIcTq1nINXnNAEDq5CZ53u0JRBxIbUJDyW8b7_sB4wx-j8Qqv6TfVJPlFdD4zf58yUwp7iqrIMtX-xiQoiYxi2sl-_9Bt_VQ1tVYRlXe1nkX7csRpoH3LtpLDQUrjqbN8laxmSDuxFDfBiHtMNDF46w5dQPAyE1EaF-Dgeujk9TDe-lLxlLqsakU2Wy3PxhOMxZ7zyjFwUqCeuF_FRzWZ60QLi0VV2hATEQftOgibMLaVqSvUc_o.3zo-IDbwIZICePJ7-rWMnrez5A4p1kc_W_Ev3r5BQas&dib_tag=se&keywords=Knife&qid=1731551926&sprefix=knife%2Caps%2C199&sr=8-54","Amazon Basics Stainless Steel Dinner Knives with Round Edge, Pack of 12","$24.75","Set of 12 stainless steel knives for dining room, kitchen or restaurant use     Simple design can mix and match with existing flatware, or add matching sets for full service for 12 (spoons and forks sold separately)     Substantial weight; well-balanced flatware feels neither too light nor too heavy in the hand     Dishwasher safe; for best results rinse before washing and within 2 hours of use"
"1731551945-4","https://www.amazon.ca/s?k=Knife&crid=QL5BVX2FO3I7&sprefix=knife%2Caps%2C199&ref=nb_sb_noss_1","Professional Chef Knife Set German Carbon Stainless Steel Kitchen Knives, 3PCS Ultra Sharp Japanese White Knives Set for Kitchen with Ergonomic Handle for Home or Restaurant","https://www.amazon.ca/Professional-Stainless-Japanese-Ergonomic-Restaurant/dp/B09Q5VL2ZV/ref=sr_1_52?crid=QL5BVX2FO3I7&dib=eyJ2IjoiMSJ9.F1dFyELlrvr-h1hn7PVeh6xTSrq6JC1h9arIRe7UlHqjYCXcmDKHICSdIcTq1nINXnNAEDq5CZ53u0JRBxIbUJDyW8b7_sB4wx-j8Qqv6TfVJPlFdD4zf58yUwp7iqrIMtX-xiQoiYxi2sl-_9Bt_VQ1tVYRlXe1nkX7csRpoH3LtpLDQUrjqbN8laxmSDuxFDfBiHtMNDF46w5dQPAyE1EaF-Dgeujk9TDe-lLxlLqsakU2Wy3PxhOMxZ7zyjFwUqCeuF_FRzWZ60QLi0VV2hATEQftOgibMLaVqSvUc_o.3zo-IDbwIZICePJ7-rWMnrez5A4p1kc_W_Ev3r5BQas&dib_tag=se&keywords=Knife&qid=1731551926&sprefix=knife%2Caps%2C199&sr=8-52","Professional Chef Knife Set German Carbon Stainless Steel Kitchen Knives, 3PCS Ultra Sharp Japanese White Knives Set for Kitchen with Ergonomic Handle for Home or Restaurant","$59.99","【Professional Kitchen Knife Set】 Topfeel 3PCS chef knife set professional include a 8-inch chef knife,a 7-inch santoku knife, and a 5-inch paring knife, they are the best choices for cutting, dicing, slicing, chopping vegetables fruits meats cheeses etc .To be a professional chef,this unique/multi-purpose/carefully-designed set is preferred. The meat cutting knife will be your dependable companion, easy cooking effortless.     【Super Premium Steel】 Our chef's knives are made from the German high-quality high carbon stainless steel-7CR17MOV, the blade has high hardness anti-corrosion, wear-resistant, durable and sharpness. The carbon content is 0.5%,it make the hardness to HRC56±2. Food grade metallic paint has beautiful luster, laminated polishing can prevent tool rust, corrosion and adhesion, clean and sanitary structure, and will not fade or lose luster even after long-term use.     【Ultra-Sharp Blade Edge】 Sharpness is key of all the cutting knife. Hand-polished by craftsmen with decades of experience, the blade edge reached 8-12 degrees per side. Be careful, these sharp kitchen knives are extremely sharp! Mind you don't cut yourself. Sharp blade edge get the job done perfectly. The cooking knife surface is finely polished, rustproof, corrosion-resistant, and easy to clean. The special Damascus-like pattern make this knives set for kitchen shiny and stylish.     【Full Tang Ergonomic Handle】 One piece full-tang blade and the ABS triple-riveted handle make sure chopping knife has longevity, since they won't shrink, crack or falls off. Ergonomic Handle is comfortable, non-slip, easy to clean and will bring you a superior hand control, agility and comfort. Even after prolonged use, your palms and wrists will not get tired. It is very suitable for those who love cooking.     【Gifts And Lifetime Warranty】 Try it risk free. This Japanese knife set is equipped with a high-quality black gift box, It's a great gift for those who love cooking. Every Topfeel knive includes a 60-day refund and free exchange & lifelong warranty.We are always here to provide you with the most satisfactory solution."
"1731551948-5","https://www.amazon.ca/s?k=Knife&crid=QL5BVX2FO3I7&sprefix=knife%2Caps%2C199&ref=nb_sb_noss_1","MOSSY OAK 14-inch Bowie Knife, Full-tang Fixed Blade Wood Handle with Leather Sheath for Camping Survival","https://www.amazon.ca/MOSSY-14-inch-Handle-Leather-Sheath/dp/B01EYCEA5A/ref=sr_1_50?crid=QL5BVX2FO3I7&dib=eyJ2IjoiMSJ9.F1dFyELlrvr-h1hn7PVeh6xTSrq6JC1h9arIRe7UlHqjYCXcmDKHICSdIcTq1nINXnNAEDq5CZ53u0JRBxIbUJDyW8b7_sB4wx-j8Qqv6TfVJPlFdD4zf58yUwp7iqrIMtX-xiQoiYxi2sl-_9Bt_VQ1tVYRlXe1nkX7csRpoH3LtpLDQUrjqbN8laxmSDuxFDfBiHtMNDF46w5dQPAyE1EaF-Dgeujk9TDe-lLxlLqsakU2Wy3PxhOMxZ7zyjFwUqCeuF_FRzWZ60QLi0VV2hATEQftOgibMLaVqSvUc_o.3zo-IDbwIZICePJ7-rWMnrez5A4p1kc_W_Ev3r5BQas&dib_tag=se&keywords=Knife&qid=1731551926&sprefix=knife%2Caps%2C199&sr=8-50","MOSSY OAK 14-inch Bowie Knife, Full-tang Fixed Blade Wood Handle with Leather Sheath for Camping Survival","$32.99","Knife Dimensions - Overall Length: 14”; Blade Length: 8-1/2”; Handle Length: 5-1/2”; Blade thickness: 3.7 mm; Handle Thickness: 21 mm; Weight: 0.88 lbs     Razor Sharp Clip Point Blade - The 3CR13 blade has excellent strength, edge retention, and corrosion resistance for lasting durability, good for piercing, detail work, and cutting in tight places     Full-Tang Wood Handle - Classic design handle made of rosewood, provides comfortable grip and balance with brass pommel/guard, non-slip grip to use     Genuine Leather Sheath With Snap Fastener- High-quality protective sheath with integrated belt loop for safe and secure carry with easy access     Widely Used - Suitable for various military, hunting, survival, tactical, industrial and outdoor situations"
"1731551951-6","https://www.amazon.ca/s?k=Knife&crid=QL5BVX2FO3I7&sprefix=knife%2Caps%2C199&ref=nb_sb_noss_1","ZWILLING J.A. HENCKELS 38171-092 Twin Grip Paring Knife 3.5""/90 mm, Stainless Steel","https://www.amazon.ca/ZWILLING-J-HENCKELS-38171-092-Stainless/dp/B07G98GG6Y/ref=sr_1_49?crid=QL5BVX2FO3I7&dib=eyJ2IjoiMSJ9.F1dFyELlrvr-h1hn7PVeh6xTSrq6JC1h9arIRe7UlHqjYCXcmDKHICSdIcTq1nINXnNAEDq5CZ53u0JRBxIbUJDyW8b7_sB4wx-j8Qqv6TfVJPlFdD4zf58yUwp7iqrIMtX-xiQoiYxi2sl-_9Bt_VQ1tVYRlXe1nkX7csRpoH3LtpLDQUrjqbN8laxmSDuxFDfBiHtMNDF46w5dQPAyE1EaF-Dgeujk9TDe-lLxlLqsakU2Wy3PxhOMxZ7zyjFwUqCeuF_FRzWZ60QLi0VV2hATEQftOgibMLaVqSvUc_o.3zo-IDbwIZICePJ7-rWMnrez5A4p1kc_W_Ev3r5BQas&dib_tag=se&keywords=Knife&qid=1731551926&sprefix=knife%2Caps%2C199&sr=8-49","ZWILLING J.A. HENCKELS 38171-092 Twin Grip Paring Knife 3.5""/90 mm, Stainless Steel","$11.99","Precision stamped from special formula high performance ""NO STAIN"" stainless steel     FRIODUR ice-hardened blades     57 Rockwell Hardness     Synthetic resin handle. Made in Spain     Ergonomic designs for kitchen tasks that require knives for finer or smaller tasks including chopping herbs, cutting, slicing or paring fruits and vegetables"
"1731551954-7","https://www.amazon.ca/s?k=Knife&crid=QL5BVX2FO3I7&sprefix=knife%2Caps%2C199&ref=nb_sb_noss_1","Smith & Wesson SW995 8.5in High Carbon S.S. Full Tang Karambit Knife with a 3.75in Clip Point Blade and Nylon Handle for Outdoor, Tactical, Survival and EDC","https://www.amazon.ca/Smith-Wesson-Karambit-Tactical-Survival/dp/B078JB4N5C/ref=sr_1_48?crid=QL5BVX2FO3I7&dib=eyJ2IjoiMSJ9.F1dFyELlrvr-h1hn7PVeh6xTSrq6JC1h9arIRe7UlHqjYCXcmDKHICSdIcTq1nINXnNAEDq5CZ53u0JRBxIbUJDyW8b7_sB4wx-j8Qqv6TfVJPlFdD4zf58yUwp7iqrIMtX-xiQoiYxi2sl-_9Bt_VQ1tVYRlXe1nkX7csRpoH3LtpLDQUrjqbN8laxmSDuxFDfBiHtMNDF46w5dQPAyE1EaF-Dgeujk9TDe-lLxlLqsakU2Wy3PxhOMxZ7zyjFwUqCeuF_FRzWZ60QLi0VV2hATEQftOgibMLaVqSvUc_o.3zo-IDbwIZICePJ7-rWMnrez5A4p1kc_W_Ev3r5BQas&dib_tag=se&keywords=Knife&qid=1731551926&sprefix=knife%2Caps%2C199&sr=8-48","Smith & Wesson SW995 8.5in High Carbon S.S. Full Tang Karambit Knife with a 3.75in Clip Point Blade and Nylon Handle for Outdoor, Tactical, Survival and EDC","$39.99","DIMENSIONS: 8.5 inch (21.59 cm) overall length with a blade length of 3.75 inches (9.53 cm) and a weight of 3.9 ounces"
"1731551958-8","https://www.amazon.ca/s?k=Knife&crid=QL5BVX2FO3I7&sprefix=knife%2Caps%2C199&ref=nb_sb_noss_1","Cuisinart 14-Piece Non-Stick Stainless Steel Knife Set with Blade Guards (CA-14AMC)","https://www.amazon.ca/Cuisinart-Non-Stick-Stainless-CA-14AMC-Exclusive/dp/B09R82D5B4/ref=sr_1_47?crid=QL5BVX2FO3I7&dib=eyJ2IjoiMSJ9.F1dFyELlrvr-h1hn7PVeh6xTSrq6JC1h9arIRe7UlHqjYCXcmDKHICSdIcTq1nINXnNAEDq5CZ53u0JRBxIbUJDyW8b7_sB4wx-j8Qqv6TfVJPlFdD4zf58yUwp7iqrIMtX-xiQoiYxi2sl-_9Bt_VQ1tVYRlXe1nkX7csRpoH3LtpLDQUrjqbN8laxmSDuxFDfBiHtMNDF46w5dQPAyE1EaF-Dgeujk9TDe-lLxlLqsakU2Wy3PxhOMxZ7zyjFwUqCeuF_FRzWZ60QLi0VV2hATEQftOgibMLaVqSvUc_o.3zo-IDbwIZICePJ7-rWMnrez5A4p1kc_W_Ev3r5BQas&dib_tag=se&keywords=Knife&qid=1731551926&sprefix=knife%2Caps%2C199&sr=8-47","Cuisinart 14-Piece Non-Stick Stainless Steel Knife Set with Blade Guards (CA-14AMC)","","High-quality stainless steel blades     Non-stick colour coating for improved performance and easy slicing     Colour coding helps you to reduce the risk of cross-contamination during food preparation     Set includes: 8"" chef knife, 8"" slicing knife, 8"" bread knife, 7"" santoku knife, 5"" santoku knife, 55"" serrated utility knife, and a 35"" paring knife     Each knife comes with it's own matching blade guard for easy storage and safety"
"1731551962-9","https://www.amazon.ca/s?k=Knife&crid=QL5BVX2FO3I7&sprefix=knife%2Caps%2C199&ref=nb_sb_noss_1","MITSUMOTO SAKARI 5.5 inch Japanese Hand Forged Paring Knife, High Carbon Steel Fruit and Vegetable Knife, Professional Kitchen Chef Knife (Rosewood Handle & Wooden Box)","https://www.amazon.ca/MITSUMOTO-SAKARI-Laminated-Professional-Sandalwood/dp/B0999DFNFB/ref=sr_1_45?crid=QL5BVX2FO3I7&dib=eyJ2IjoiMSJ9.F1dFyELlrvr-h1hn7PVeh6xTSrq6JC1h9arIRe7UlHqjYCXcmDKHICSdIcTq1nINXnNAEDq5CZ53u0JRBxIbUJDyW8b7_sB4wx-j8Qqv6TfVJPlFdD4zf58yUwp7iqrIMtX-xiQoiYxi2sl-_9Bt_VQ1tVYRlXe1nkX7csRpoH3LtpLDQUrjqbN8laxmSDuxFDfBiHtMNDF46w5dQPAyE1EaF-Dgeujk9TDe-lLxlLqsakU2Wy3PxhOMxZ7zyjFwUqCeuF_FRzWZ60QLi0VV2hATEQftOgibMLaVqSvUc_o.3zo-IDbwIZICePJ7-rWMnrez5A4p1kc_W_Ev3r5BQas&dib_tag=se&keywords=Knife&qid=1731551926&sprefix=knife%2Caps%2C199&sr=8-45","MITSUMOTO SAKARI 5.5 inch Japanese Hand Forged Paring Knife, High Carbon Steel Fruit and Vegetable Knife, Professional Kitchen Chef Knife (Rosewood Handle & Wooden Box)","$63.99","Traditional Japanese Hand Forging: Professional Japanese chef's knife inherits the traditional Japanese hand forging method, combined with advanced technology and materials. Persistence through 45 days of hand forging to complete a kitchen chef's knife     High Quality Cooking Chef Knives: 2.5mm Paring chef knife is made of 3 layers of top grade 9CR18MOV high carbon steel with precision quenching and vacuum cold nitrogen treatment. The hardness is up to 58-60 HRC. Improved rust resistance and toughness     Solid Rosewood Knife Handle: Octagonal handle of the Japanese high carbon knife is made of precious summer sour wood from Southeast Asia. Minimizes wrist tension and gives you the flexibility to comfortably adjust the cutting angle     Perfect Cooking Cookware Choice: Japanese knives combine high-end materials and first-class craftsmanship; perfect for home cooks and professional chefs alike. And with professional box packaging is perfect for family and friends at special days     High Carbon Knives Important: MITSUMOTO SAKARI products pass strict quality audits"
"1731551965-10","https://www.amazon.ca/s?k=Knife&crid=QL5BVX2FO3I7&sprefix=knife%2Caps%2C199&ref=nb_sb_noss_1","Global Knives G80 Santoku Fluted Knife, 18cm/7""","https://www.amazon.ca/Global-Santoku-Fluted-Knife-18/dp/B00NQVJS7G/ref=sr_1_44?crid=QL5BVX2FO3I7&dib=eyJ2IjoiMSJ9.F1dFyELlrvr-h1hn7PVeh6xTSrq6JC1h9arIRe7UlHqjYCXcmDKHICSdIcTq1nINXnNAEDq5CZ53u0JRBxIbUJDyW8b7_sB4wx-j8Qqv6TfVJPlFdD4zf58yUwp7iqrIMtX-xiQoiYxi2sl-_9Bt_VQ1tVYRlXe1nkX7csRpoH3LtpLDQUrjqbN8laxmSDuxFDfBiHtMNDF46w5dQPAyE1EaF-Dgeujk9TDe-lLxlLqsakU2Wy3PxhOMxZ7zyjFwUqCeuF_FRzWZ60QLi0VV2hATEQftOgibMLaVqSvUc_o.3zo-IDbwIZICePJ7-rWMnrez5A4p1kc_W_Ev3r5BQas&dib_tag=se&keywords=Knife&qid=1731551926&sprefix=knife%2Caps%2C199&sr=8-44","Global Knives G80 Santoku Fluted Knife, 18cm/7""","$103.37","Three-ply blade construction made from corrosion-resistant 18/8 and CROMOVA 18 stainless steel.     Unique convex edge of the blade makes cuts smoother, requiring less energy.     Balanced with ergonomic handles designed in the traditional Japanese bushido way of the Samurai.     12.5-degree blade edge is mirror-polished by hand for exceptional long-lasting endurance.     Unique thumb rest gives added comfort and control."
"1731551968-11","https://www.amazon.ca/s?k=Knife&crid=QL5BVX2FO3I7&sprefix=knife%2Caps%2C199&ref=nb_sb_noss_1","Amazon Basics 14-Piece High Carbon Stainless Steel Kitchen Knife Set with Sharpener and Pinewood Block, Black","https://www.amazon.ca/AmazonBasics-14-Piece-High-carbon-Stainless-steel-Blades/dp/B00R3Z49G6/ref=sr_1_43?crid=QL5BVX2FO3I7&dib=eyJ2IjoiMSJ9.F1dFyELlrvr-h1hn7PVeh6xTSrq6JC1h9arIRe7UlHqjYCXcmDKHICSdIcTq1nINXnNAEDq5CZ53u0JRBxIbUJDyW8b7_sB4wx-j8Qqv6TfVJPlFdD4zf58yUwp7iqrIMtX-xiQoiYxi2sl-_9Bt_VQ1tVYRlXe1nkX7csRpoH3LtpLDQUrjqbN8laxmSDuxFDfBiHtMNDF46w5dQPAyE1EaF-Dgeujk9TDe-lLxlLqsakU2Wy3PxhOMxZ7zyjFwUqCeuF_FRzWZ60QLi0VV2hATEQftOgibMLaVqSvUc_o.3zo-IDbwIZICePJ7-rWMnrez5A4p1kc_W_Ev3r5BQas&dib_tag=se&keywords=Knife&qid=1731551926&sprefix=knife%2Caps%2C199&sr=8-43","Amazon Basics 14-Piece High Carbon Stainless Steel Kitchen Knife Set with Sharpener and Pinewood Block, Black","$123.94","14-piece knife set includes (1) 20.3cm Chef's knife, (1) 20.3cm Slicing knife, (1) 20.3cm Bread knife, (1) 14 cm Utility knife, (1) 9cm paring knife, (6) 11.5cm steak knife, (1) 20.3cm kitchen scissors, (1) 20.3cm sharpener, (1) knife block     High carbon stainless-steel blades for precision results and lasting sharpness     Traditional, full tang, triple-riveted ergonomic knife handles offer pleasant weight for better balance and control     Wash by hand only     Product Dimensions: 7 x 4 x 14 inches (LxWxH)"
"1731551972-12","https://www.amazon.ca/s?k=Knife&crid=QL5BVX2FO3I7&sprefix=knife%2Caps%2C199&ref=nb_sb_noss_1","Babish High-Carbon 1.4116 German Steel Cutlery, 7.5"" Clef (Cleaver + Chef) Knife","https://www.amazon.ca/Babish-German-Steel-Cutlery-Silver/dp/B08WJT6P6B/ref=sr_1_42?crid=QL5BVX2FO3I7&dib=eyJ2IjoiMSJ9.F1dFyELlrvr-h1hn7PVeh6xTSrq6JC1h9arIRe7UlHqjYCXcmDKHICSdIcTq1nINXnNAEDq5CZ53u0JRBxIbUJDyW8b7_sB4wx-j8Qqv6TfVJPlFdD4zf58yUwp7iqrIMtX-xiQoiYxi2sl-_9Bt_VQ1tVYRlXe1nkX7csRpoH3LtpLDQUrjqbN8laxmSDuxFDfBiHtMNDF46w5dQPAyE1EaF-Dgeujk9TDe-lLxlLqsakU2Wy3PxhOMxZ7zyjFwUqCeuF_FRzWZ60QLi0VV2hATEQftOgibMLaVqSvUc_o.3zo-IDbwIZICePJ7-rWMnrez5A4p1kc_W_Ev3r5BQas&dib_tag=se&keywords=Knife&qid=1731551926&sprefix=knife%2Caps%2C199&sr=8-42","Babish High-Carbon 1.4116 German Steel Cutlery, 7.5"" Clef (Cleaver + Chef) Knife","$25.95","Forged from a single piece of high-carbon 1.4116 German steel     Tempered, ground, and polished for maximum sharpness     Full-tang handle provides a balanced, comfortable grip     Hybrid chef’s knife and cleaver design is powerful and precise     Before first use: Remove any tags or stickers. Rinse with warm soapy water and towel dry."
"1731551976-13","https://www.amazon.ca/s?k=Knife&crid=QL5BVX2FO3I7&sprefix=knife%2Caps%2C199&ref=nb_sb_noss_1","Gourmetop Kitchen Knife Set with No Drilling Magnetic Strip, Knives Set for Kitchen Black Titanium Cooking Knives, Sharp Stainless Steel Chef Knife Set for Cutting Meat & Vegetable, Small Knife Set","https://www.amazon.ca/Gourmetop-Drilling-Magnetic-Stainless-Vegetable/dp/B09GG9G6XS/ref=sr_1_41?crid=QL5BVX2FO3I7&dib=eyJ2IjoiMSJ9.F1dFyELlrvr-h1hn7PVeh6xTSrq6JC1h9arIRe7UlHqjYCXcmDKHICSdIcTq1nINXnNAEDq5CZ53u0JRBxIbUJDyW8b7_sB4wx-j8Qqv6TfVJPlFdD4zf58yUwp7iqrIMtX-xiQoiYxi2sl-_9Bt_VQ1tVYRlXe1nkX7csRpoH3LtpLDQUrjqbN8laxmSDuxFDfBiHtMNDF46w5dQPAyE1EaF-Dgeujk9TDe-lLxlLqsakU2Wy3PxhOMxZ7zyjFwUqCeuF_FRzWZ60QLi0VV2hATEQftOgibMLaVqSvUc_o.3zo-IDbwIZICePJ7-rWMnrez5A4p1kc_W_Ev3r5BQas&dib_tag=se&keywords=Knife&qid=1731551926&sprefix=knife%2Caps%2C199&sr=8-41","Gourmetop Kitchen Knife Set with No Drilling Magnetic Strip, Knives Set for Kitchen Black Titanium Cooking Knives, Sharp Stainless Steel Chef Knife Set for Cutting Meat & Vegetable, Small Knife Set","$25.99","【SHARP BEYOND YOUR IMAGINATION】Unlike other entry-level knife sets, with blades roughly sharpened by machine, each blade of this Gourmetop kitchen knife set is painstakingly and precisely polished by expert craftsmen to ensure maximum sharpness. Meanwhile, premium high carbon stainless steel material applied to the blades ensures these knives have good edge retention, great hardness (HRC of 56+), and unparalleled toughness.     【BLACK TITANIUM BLADE & SOFT TOUCH COMFORT HANDLE】The natural black titanium plating on the stainless steel blades enhance the non-stick properties and improves the robustness and corrosion resistance. Unlike other solid PP plastic knife handles, the Gourmetop kitchen knife handles are sprayed with a soft touch latex material, providing a comfortable, anti-slip grip.     【EASY TO STORE】Each knife set comes with a powerful 12-inch magnetic strip for storing these knives easily & securely, saving your kitchen counter & drawer space. The strip includes screws AND also heavy-duty double sided tape for mounting on surfaces you do not want to drill holes into, such as a refrigerator or tile walls. Of course, this handy magnetic knife holder can also be used to hold small kitchen utensils, tools, keys, and whatever else you can think of for the ultimate organizer.     【MULTIPURPOSE KNIFE SET】This sharp chef knife set includes an 8-inch Chef Knife, 8-inch Slicing Knife, 8-inch Bread Knife, 7-inch Santoku Knife, 5-inch Utility Knife, and 3.5-inch Paring Knife. Whether you're chopping vegetables, carving a turkey, cutting bread, or dicing fruits and meat, this is an ideal set of knives to help you achieve your culinary goals.     【GIFTABLE & 100% GUARANTEED】Each knife set is packaged in an elegant and premium gift box, an ideal gift choice for friends and family. Meanwhile, enjoy risk-free shopping with Gourmetop. If, for any reason, your product proves to be unsatisfactory, before you take any other action, please contact our 24x7 customer service for a replacement or refund. Superior customer service is our promise to you."
"1731551979-14","https://www.amazon.ca/s?k=Knife&crid=QL5BVX2FO3I7&sprefix=knife%2Caps%2C199&ref=nb_sb_noss_1","Smith & Wesson SWHRT9B 9in High Carbon S.S. Fixed Blade Knife with 4.7in Dual Edge Blade and TPE Handle for Outdoor, Tactical, Survival and EDC, Multi","https://www.amazon.ca/Smith-Wesson-SWHRT9B-Tactical-Survival/dp/B000IXG44U/ref=sr_1_40?crid=QL5BVX2FO3I7&dib=eyJ2IjoiMSJ9.F1dFyELlrvr-h1hn7PVeh6xTSrq6JC1h9arIRe7UlHqjYCXcmDKHICSdIcTq1nINXnNAEDq5CZ53u0JRBxIbUJDyW8b7_sB4wx-j8Qqv6TfVJPlFdD4zf58yUwp7iqrIMtX-xiQoiYxi2sl-_9Bt_VQ1tVYRlXe1nkX7csRpoH3LtpLDQUrjqbN8laxmSDuxFDfBiHtMNDF46w5dQPAyE1EaF-Dgeujk9TDe-lLxlLqsakU2Wy3PxhOMxZ7zyjFwUqCeuF_FRzWZ60QLi0VV2hATEQftOgibMLaVqSvUc_o.3zo-IDbwIZICePJ7-rWMnrez5A4p1kc_W_Ev3r5BQas&dib_tag=se&keywords=Knife&qid=1731551926&sprefix=knife%2Caps%2C199&sr=8-40","Smith & Wesson SWHRT9B 9in High Carbon S.S. Fixed Blade Knife with 4.7in Dual Edge Blade and TPE Handle for Outdoor, Tactical, Survival and EDC, Multi","$44.79","Dimensions: 9 inch (22.9 centimeter) overall length with a blade length of 4.7 inches (12.1 centimeter) and a weight of 7.7 ounces     Durable: Blade is made of reliable 7Cr17MoV high carbon stainless steel with a black rubber wrapped handle     Dependable: Quick and easy access with the convenient belt or boot sheath making it ideal for everyday carry     Secure: Have confidence that the blade will not slip with the security of the hand guard     BE PREPARED: Knife Features Lanyard Hole Makes For Ideal Neck Knife"
"1731551982-15","https://www.amazon.ca/s?k=Knife&crid=QL5BVX2FO3I7&sprefix=knife%2Caps%2C199&ref=nb_sb_noss_1","Cold Steel Recon Tanto Fixed Blade Knife with Sheath, SK-5 Steel, 7.0"" (49LRT)","https://www.amazon.ca/Cold-Steel-49LRT-Recon-Tanto/dp/B07BHGB22X/ref=sr_1_38?crid=QL5BVX2FO3I7&dib=eyJ2IjoiMSJ9.F1dFyELlrvr-h1hn7PVeh6xTSrq6JC1h9arIRe7UlHqjYCXcmDKHICSdIcTq1nINXnNAEDq5CZ53u0JRBxIbUJDyW8b7_sB4wx-j8Qqv6TfVJPlFdD4zf58yUwp7iqrIMtX-xiQoiYxi2sl-_9Bt_VQ1tVYRlXe1nkX7csRpoH3LtpLDQUrjqbN8laxmSDuxFDfBiHtMNDF46w5dQPAyE1EaF-Dgeujk9TDe-lLxlLqsakU2Wy3PxhOMxZ7zyjFwUqCeuF_FRzWZ60QLi0VV2hATEQftOgibMLaVqSvUc_o.3zo-IDbwIZICePJ7-rWMnrez5A4p1kc_W_Ev3r5BQas&dib_tag=se&keywords=Knife&qid=1731551926&sprefix=knife%2Caps%2C199&sr=8-38","Cold Steel Recon Tanto Fixed Blade Knife with Sheath, SK-5 Steel, 7.0"" (49LRT)","$84.95","SK-5 with Black Tuff-Ex Finish     Secure-Ex Sheath     Secure-Ex Sheath"
"1731551985-16","https://www.amazon.ca/s?k=Knife&crid=QL5BVX2FO3I7&sprefix=knife%2Caps%2C199&ref=nb_sb_noss_1","XIAONGAYER Cool Pocket Carabiner Utility Knife Keychain With Carabiner Small Box Cutter with 1.34inch Stainless Steel Blade Multitool Folding EDC Gadgets For Family Stainless Steel And ABS Handle","https://www.amazon.ca/XIAONGYAER-Carabiner-Keychain-Stainless-Multitool/dp/B0CT2NTKGK/ref=sr_1_37?crid=QL5BVX2FO3I7&dib=eyJ2IjoiMSJ9.F1dFyELlrvr-h1hn7PVeh6xTSrq6JC1h9arIRe7UlHqjYCXcmDKHICSdIcTq1nINXnNAEDq5CZ53u0JRBxIbUJDyW8b7_sB4wx-j8Qqv6TfVJPlFdD4zf58yUwp7iqrIMtX-xiQoiYxi2sl-_9Bt_VQ1tVYRlXe1nkX7csRpoH3LtpLDQUrjqbN8laxmSDuxFDfBiHtMNDF46w5dQPAyE1EaF-Dgeujk9TDe-lLxlLqsakU2Wy3PxhOMxZ7zyjFwUqCeuF_FRzWZ60QLi0VV2hATEQftOgibMLaVqSvUc_o.3zo-IDbwIZICePJ7-rWMnrez5A4p1kc_W_Ev3r5BQas&dib_tag=se&keywords=Knife&qid=1731551926&sprefix=knife%2Caps%2C199&sr=8-37","XIAONGAYER Cool Pocket Carabiner Utility Knife Keychain With Carabiner Small Box Cutter with 1.34inch Stainless Steel Blade Multitool Folding EDC Gadgets For Family Stainless Steel And ABS Handle","$9.59",""
"1731551989-17","https://www.amazon.ca/s?k=Knife&crid=QL5BVX2FO3I7&sprefix=knife%2Caps%2C199&ref=nb_sb_noss_1","Brewin Chef Knife Set 5 PCS Chefilosophi Series with Elegant Red Pakkawood Handle Ergonomic Design,Professional Ultra Sharp Kitchen Knives for Cooking High Carbon Stainless Steel Japanese Chef's Knife","https://www.amazon.ca/Brewin-Chefilosophi-Pakkawood-Ergonomic-Professional/dp/B09YQY517H/ref=sr_1_36?crid=QL5BVX2FO3I7&dib=eyJ2IjoiMSJ9.F1dFyELlrvr-h1hn7PVeh6xTSrq6JC1h9arIRe7UlHqjYCXcmDKHICSdIcTq1nINXnNAEDq5CZ53u0JRBxIbUJDyW8b7_sB4wx-j8Qqv6TfVJPlFdD4zf58yUwp7iqrIMtX-xiQoiYxi2sl-_9Bt_VQ1tVYRlXe1nkX7csRpoH3LtpLDQUrjqbN8laxmSDuxFDfBiHtMNDF46w5dQPAyE1EaF-Dgeujk9TDe-lLxlLqsakU2Wy3PxhOMxZ7zyjFwUqCeuF_FRzWZ60QLi0VV2hATEQftOgibMLaVqSvUc_o.3zo-IDbwIZICePJ7-rWMnrez5A4p1kc_W_Ev3r5BQas&dib_tag=se&keywords=Knife&qid=1731551926&sprefix=knife%2Caps%2C199&sr=8-36","Brewin Chef Knife Set 5 PCS Chefilosophi Series with Elegant Red Pakkawood Handle Ergonomic Design,Professional Ultra Sharp Kitchen Knives for Cooking High Carbon Stainless Steel Japanese Chef's Knife","$101.99","DESIGN PHILOSOPHY - The Chefilosophi Series professional kitchen knife set from Brewin combines cutting edge kitchen technology with premium design philosophies; This five piece set of kitchen knives spares no attention to detail; For top shelf cooking knives that have been painstakingly crafted with expert chefs in mind, Brewin is obvious choice.     RAZOR SHARP WITH DURABILITY - This stainless steel knife set features rock solid design crafted from durable materials; With a score of 56+ on the Rockwell hardness scale, our chef knife set professional solution uses ultra tough 1.4116 German stainless steel forged from a unified piece of rustproof metal; When you need kitchen accessories that will hold up under any conditions, choose Brewin.     PREMIUM QUALITY - Each chef knife set has undergone stringent quality inspection and hundreds of hours of development with leading kitchen experts; This set of five chef knives is crafted to the highest standards with chefs and kitchen experts in mind; The Brewin promise is this; if we wouldn’t use this cooking knife set ourselves, we won’t sell it.     COMPLETE SET - Regarded as one of the best knife sets for people who demand all round practicality, the Chefilosophi Series comes with five sharp knives in luxurious gift packaging; With two eight inch knives as well as a santoku Japanese knife, our knife sets also include a five inch utility knife as well as smaller paring knife for peeling and prep."
"1731551992-18","https://www.amazon.ca/s?k=Knife&crid=QL5BVX2FO3I7&sprefix=knife%2Caps%2C199&ref=nb_sb_noss_1","OLFA 18mm Heavy-Duty Utility Knife (L-1) - Multi-Purpose Custom Cutting Depth Utility Knife w/Ergonomic Grip Handle & Snap-Off Blade, Replacement Blades: Any OLFA 18mm Blade","https://www.amazon.ca/Olfa-5003-Ratchet-Heavy-Duty-Utility/dp/B0006SJAR0/ref=sr_1_35?crid=QL5BVX2FO3I7&dib=eyJ2IjoiMSJ9.F1dFyELlrvr-h1hn7PVeh6xTSrq6JC1h9arIRe7UlHqjYCXcmDKHICSdIcTq1nINXnNAEDq5CZ53u0JRBxIbUJDyW8b7_sB4wx-j8Qqv6TfVJPlFdD4zf58yUwp7iqrIMtX-xiQoiYxi2sl-_9Bt_VQ1tVYRlXe1nkX7csRpoH3LtpLDQUrjqbN8laxmSDuxFDfBiHtMNDF46w5dQPAyE1EaF-Dgeujk9TDe-lLxlLqsakU2Wy3PxhOMxZ7zyjFwUqCeuF_FRzWZ60QLi0VV2hATEQftOgibMLaVqSvUc_o.3zo-IDbwIZICePJ7-rWMnrez5A4p1kc_W_Ev3r5BQas&dib_tag=se&keywords=Knife&qid=1731551926&sprefix=knife%2Caps%2C199&sr=8-35","OLFA 18mm Heavy-Duty Utility Knife (L-1) - Multi-Purpose Custom Cutting Depth Utility Knife w/Ergonomic Grip Handle & Snap-Off Blade, Replacement Blades: Any OLFA 18mm Blade","$7.49","RAZOR SHARP 18mm BLADE - Preloaded with LB Heavy-Duty Silver Snap Blade made from Japanese tool steel for unmatched sharpness and edge retention. The 18mm blade has 8 razor-sharp snap-off segments, great for industrial or construction applications.     STURDY HANDLE - Made from high-impact ABS plastic, the handle provides extra leverage for tough cutting projects. The stainless-steel channel keeps the blade firmly in place for safe operation. There's also a keychain/lanyard hole for tethering.     CUSTOM RATCHET LOCK CONTROL - Designed with safety in mind, our box cutter's ratchet-based locking system provides custom cutting depths. The blade slider has a wheel locking mechanism for unlimited positions when securing the blade in place.     MULTIPURPOSE HEAVY-DUTY DESIGN - The OLFA 18mm L-1 Utility Knife is perfect for tough cutting projects that require extra elbow grease. It delivers accurate cuts through drywall, roofing, flooring, rubber, gasket materials and more.     THE OLFA STANDARD - As the original inventor of the Snap-Off Knife, OLFA has maintained a standard of cutting excellence for our quality and durability. Pairing your OLFA 18mm Utility Knife with OLFA 18mm Blades will provide optimal results."
"1731551996-19","https://www.amazon.ca/s?k=Knife&crid=QL5BVX2FO3I7&sprefix=knife%2Caps%2C199&ref=nb_sb_noss_1","Farberware - 3.5"" Paring Knife with Edgekeeper","https://www.amazon.ca/Farberware-3-5-Paring-Knife-Edgekeeper/dp/B0BDBGF9JY/ref=sr_1_34?crid=QL5BVX2FO3I7&dib=eyJ2IjoiMSJ9.F1dFyELlrvr-h1hn7PVeh6xTSrq6JC1h9arIRe7UlHqjYCXcmDKHICSdIcTq1nINXnNAEDq5CZ53u0JRBxIbUJDyW8b7_sB4wx-j8Qqv6TfVJPlFdD4zf58yUwp7iqrIMtX-xiQoiYxi2sl-_9Bt_VQ1tVYRlXe1nkX7csRpoH3LtpLDQUrjqbN8laxmSDuxFDfBiHtMNDF46w5dQPAyE1EaF-Dgeujk9TDe-lLxlLqsakU2Wy3PxhOMxZ7zyjFwUqCeuF_FRzWZ60QLi0VV2hATEQftOgibMLaVqSvUc_o.3zo-IDbwIZICePJ7-rWMnrez5A4p1kc_W_Ev3r5BQas&dib_tag=se&keywords=Knife&qid=1731551926&sprefix=knife%2Caps%2C199&sr=8-34","Farberware - 3.5"" Paring Knife with Edgekeeper","$7.97","CUTLERY ESSENTIAL: This Farberware 3.5 inch Paring Knife with a sharpening blade cover is essential for your everyday food prep tasks. This compact knife is perfect for precision tasks, such as peeling, slicing and garnishing fruits and vegetables.     SELF SHARPENING: The EdgeKeeper protective blade cover features a built-in sharpener designed to sharpen blade edges with every use. This feature ensures the blades retain their razor-sharp edge.     HIGH-QUALITY BLADE: This knife features a high-carbon, stainless steel blade which ensure the knife retains its ultra-sharp edge and making food prep effortless.     COMFORT GRIP: Ergonomically designed for a comfortable grip; this knife is designed for chopping, dicing, and mincing.     EASY CARE: Hand wash with warm water and a mild detergent; rinse and dry immediately; wipe protective blade cover as needed with a damp cloth."
"1731551999-20","https://www.amazon.ca/s?k=Knife&crid=QL5BVX2FO3I7&sprefix=knife%2Caps%2C199&ref=nb_sb_noss_1","Sunnecko Damascus Chef Knife 8 inch - Ultra Sharp Japanese Chef Knife,67-Layer Damascus Kitchen Knife Vg10 High Carbon Stainless Steel","https://www.amazon.ca/Damascus-Upgraded-Stainless-Professional-Sunnecko/dp/B09JBQD9S3/ref=sr_1_33?crid=QL5BVX2FO3I7&dib=eyJ2IjoiMSJ9.F1dFyELlrvr-h1hn7PVeh6xTSrq6JC1h9arIRe7UlHqjYCXcmDKHICSdIcTq1nINXnNAEDq5CZ53u0JRBxIbUJDyW8b7_sB4wx-j8Qqv6TfVJPlFdD4zf58yUwp7iqrIMtX-xiQoiYxi2sl-_9Bt_VQ1tVYRlXe1nkX7csRpoH3LtpLDQUrjqbN8laxmSDuxFDfBiHtMNDF46w5dQPAyE1EaF-Dgeujk9TDe-lLxlLqsakU2Wy3PxhOMxZ7zyjFwUqCeuF_FRzWZ60QLi0VV2hATEQftOgibMLaVqSvUc_o.3zo-IDbwIZICePJ7-rWMnrez5A4p1kc_W_Ev3r5BQas&dib_tag=se&keywords=Knife&qid=1731551926&sprefix=knife%2Caps%2C199&sr=8-33","Sunnecko Damascus Chef Knife 8 inch - Ultra Sharp Japanese Chef Knife,67-Layer Damascus Kitchen Knife Vg10 High Carbon Stainless Steel","$69.99","Exceptional Quality - 8 inch chef knife is crafted from 67 layers of high carbon stainless steel, the Damascus knife ensures a tough blade with a Rockwell hardness of 62, and enhances resistance to rust and corrosion.     Unmatched Sharpness - The Japan VG10 super steel core and hand-sharpened 12-15 degree double bevel edge provide higher precision as you glide through various foods. Whether it's cutting, slicing, mincing, or dicing fruits, vegetables, or meats, this ultra sharp knife can handle it with ease.     Outstanding Appearance - Real Damascus Chef Knife boasts a beautiful pattern created through the repeated folding and forging of carbon steel sheets and intense heat treatments. This process not only enhances the professional knife's durability, but also turns the chefs knife into a work of art.     Ergonomic Full-Tang Design - Fully forged construction provides better balance, making the cutting knife more solid. The sloped bolster and resin handle is anti-crack and non-slip, ensures a comfortable grip and avoid fatigue for long time use.     Well Packaging - Packaged in a stylish gift box, the cooking knife makes for an ideal gift for Fathers' day and Mothers’ day, birthday and housewarming."
"1731552002-21","https://www.amazon.ca/s?k=Knife&crid=QL5BVX2FO3I7&sprefix=knife%2Caps%2C199&ref=nb_sb_noss_1","KitchenAid - Chef Knife, 8-Inch High-Carbon Japanese Steel Knife with Protective Sheath","https://www.amazon.ca/KitchenAid-Chef-Knife-Japanese-Steel/dp/B097NDXW6Y/ref=sr_1_31?crid=QL5BVX2FO3I7&dib=eyJ2IjoiMSJ9.F1dFyELlrvr-h1hn7PVeh6xTSrq6JC1h9arIRe7UlHqjYCXcmDKHICSdIcTq1nINXnNAEDq5CZ53u0JRBxIbUJDyW8b7_sB4wx-j8Qqv6TfVJPlFdD4zf58yUwp7iqrIMtX-xiQoiYxi2sl-_9Bt_VQ1tVYRlXe1nkX7csRpoH3LtpLDQUrjqbN8laxmSDuxFDfBiHtMNDF46w5dQPAyE1EaF-Dgeujk9TDe-lLxlLqsakU2Wy3PxhOMxZ7zyjFwUqCeuF_FRzWZ60QLi0VV2hATEQftOgibMLaVqSvUc_o.3zo-IDbwIZICePJ7-rWMnrez5A4p1kc_W_Ev3r5BQas&dib_tag=se&keywords=Knife&qid=1731551926&sprefix=knife%2Caps%2C199&sr=8-31","KitchenAid - Chef Knife, 8-Inch High-Carbon Japanese Steel Knife with Protective Sheath","$14.99","KITCHEN ESSENTIAL: The KitchenAid chef knife is the work horse of the kitchen, ideal for a variety of cutting tasks including slicing, dicing and, mincing     LONG-LASTING SHARPNESS: Blades are expertly crafted using semi-polished, high-carbon Japanese steel, hardened and tempered to provide a long-lasting edge for a professional, quality cut every time     ERGONOMIC HANDLE: These KitchenAid knives feature eastern-style ergonomic handles that provide optimal control for everyday use. These handles are expertly engineered with a textured finish for a comfortable grip and accented with a chrome endcap.     BLADE COVER: Includes a custom-fit blade cover for secure, safe storage.     EASY CARE: KitchenAid knives are top rack dishwasher safe. To extend the life of your cutlery, hand washing is recommended. Dry immediately."
"1731552005-22","https://www.amazon.ca/s?k=Knife&crid=QL5BVX2FO3I7&sprefix=knife%2Caps%2C199&ref=nb_sb_noss_1","MOSSY OAK 2-Piece Bowie Knife, Fixed Blade Hunting Knife Set Leather Handle with Sheath for Camping, Survival","https://www.amazon.ca/2-Piece-Hunting-Leather-Handle-Sheath/dp/B01ETUX3Z0/ref=sr_1_30?crid=QL5BVX2FO3I7&dib=eyJ2IjoiMSJ9.F1dFyELlrvr-h1hn7PVeh6xTSrq6JC1h9arIRe7UlHqjYCXcmDKHICSdIcTq1nINXnNAEDq5CZ53u0JRBxIbUJDyW8b7_sB4wx-j8Qqv6TfVJPlFdD4zf58yUwp7iqrIMtX-xiQoiYxi2sl-_9Bt_VQ1tVYRlXe1nkX7csRpoH3LtpLDQUrjqbN8laxmSDuxFDfBiHtMNDF46w5dQPAyE1EaF-Dgeujk9TDe-lLxlLqsakU2Wy3PxhOMxZ7zyjFwUqCeuF_FRzWZ60QLi0VV2hATEQftOgibMLaVqSvUc_o.3zo-IDbwIZICePJ7-rWMnrez5A4p1kc_W_Ev3r5BQas&dib_tag=se&keywords=Knife&qid=1731551926&sprefix=knife%2Caps%2C199&sr=8-30","MOSSY OAK 2-Piece Bowie Knife, Fixed Blade Hunting Knife Set Leather Handle with Sheath for Camping, Survival","$32.99","Knife Dimensions: Large Knife Overall Length:10-1/2”, Blade Length: 6”, Weight: 6 Oz; Small Knife Overall Length: 8”, Blade Length: 4”, Weight: 2.4 Oz     Stacked Leather Handle - Delivers excellent strength, with grip ridges for safe and comfortable handling, provides balance with brass pommel / guard, non-slip grip to use     Impact Nylon Sheath - With guard and belt loop for safe and secure carry with easy access     Razor Sharp Buck Knife - Clip point blade has excellent strength, edge retention and corrosion resistance for lasting durability, good for piercing, detail work, and cutting in tight places     Perfect for Outdoor or Collection - Suitable for various military, hunting, survival, tactical and outdoor situations"
"1731552008-23","https://www.amazon.ca/s?k=Knife&crid=QL5BVX2FO3I7&sprefix=knife%2Caps%2C199&ref=nb_sb_noss_1","Smith & Wesson 9"" H.R.T Double Edged Boot Knife,Black","https://www.amazon.ca/Smith-Wesson-SWHRT9B-Boot-Knife/dp/B00024EPPU/ref=sr_1_28?crid=QL5BVX2FO3I7&dib=eyJ2IjoiMSJ9.F1dFyELlrvr-h1hn7PVeh6xTSrq6JC1h9arIRe7UlHqjYCXcmDKHICSdIcTq1nINXnNAEDq5CZ53u0JRBxIbUJDyW8b7_sB4wx-j8Qqv6TfVJPlFdD4zf58yUwp7iqrIMtX-xiQoiYxi2sl-_9Bt_VQ1tVYRlXe1nkX7csRpoH3LtpLDQUrjqbN8laxmSDuxFDfBiHtMNDF46w5dQPAyE1EaF-Dgeujk9TDe-lLxlLqsakU2Wy3PxhOMxZ7zyjFwUqCeuF_FRzWZ60QLi0VV2hATEQftOgibMLaVqSvUc_o.3zo-IDbwIZICePJ7-rWMnrez5A4p1kc_W_Ev3r5BQas&dib_tag=se&keywords=Knife&qid=1731551926&sprefix=knife%2Caps%2C199&sr=8-28","Smith & Wesson 9"" H.R.T Double Edged Boot Knife,Black","$27.99","DIMENSIONS: 9 inch (22.9 cm) overall length with a blade length of 4.7 inches (12.1 cm) and a weight of 7.7 ounces     DURABLE: Blade is made of reliable 7Cr17MoV High Carbon Stainless Steel with a black rubber wrapped handle     DEPENDABLE: Quick and easy access with the convenient belt or boot sheath making it ideal for everyday carry     SECURE: Have confidence the blade will not slip with the security of the frame lock"
"1731552012-24","https://www.amazon.ca/s?k=Knife&crid=QL5BVX2FO3I7&sprefix=knife%2Caps%2C199&ref=nb_sb_noss_1","HOSHANHO Fillet Knife 7 Inch, Super Sharp Boning Knife in High Carbon Steel AUS-10, Professional Japanese Fish Knife for Meat Poultry Cutting","https://www.amazon.ca/HOSHANHO-Professional-Japanese-Poultry-Cutting/dp/B0CKMF6GPZ/ref=sr_1_27?crid=QL5BVX2FO3I7&dib=eyJ2IjoiMSJ9.F1dFyELlrvr-h1hn7PVeh6xTSrq6JC1h9arIRe7UlHqjYCXcmDKHICSdIcTq1nINXnNAEDq5CZ53u0JRBxIbUJDyW8b7_sB4wx-j8Qqv6TfVJPlFdD4zf58yUwp7iqrIMtX-xiQoiYxi2sl-_9Bt_VQ1tVYRlXe1nkX7csRpoH3LtpLDQUrjqbN8laxmSDuxFDfBiHtMNDF46w5dQPAyE1EaF-Dgeujk9TDe-lLxlLqsakU2Wy3PxhOMxZ7zyjFwUqCeuF_FRzWZ60QLi0VV2hATEQftOgibMLaVqSvUc_o.3zo-IDbwIZICePJ7-rWMnrez5A4p1kc_W_Ev3r5BQas&dib_tag=se&keywords=Knife&qid=1731551926&sprefix=knife%2Caps%2C199&sr=8-27","HOSHANHO Fillet Knife 7 Inch, Super Sharp Boning Knife in High Carbon Steel AUS-10, Professional Japanese Fish Knife for Meat Poultry Cutting","$79.99","【Premium High Carbon Steel】This professional fish fillet knife is made from high-quality Japanese stainless steel AUS-10, which makes the HOSHANHO fillet knife more durable, harder, and sharper than other meat knives. With a hand polished edge at 15 degrees per side, the boning knife can achieves ultimate sharpness.     【Excellent Cutting Results】With a 7 inch long, thin blade, the fillet knife makes it easy to slice, bone, trim, skin and butterfly different types of meat and fish. The slender blade helps to cut through fish bones and flesh with more precision and less waste, resulting in a neat and beautifully cut fillet.     【Ergonomic Design】The ergonomic shape of the fish knife's handle provides a more comfortable grip and reduces user fatigue. The handle of the boning knife is made of durable pakkawood, these materials have good resistance to corrosion and abrasion, which ensures a long service life of the fillet knife.     【Mutifunctional Use】In addition to easily cutting fish bones and removing fish scales, this fish knife can also be used to cut other types of meat. It is a practical and multifunctional kitchen tool, the frosted texture will be the most unique knife among all your knives and a perfect gift for your family and friends.     【Flexible and Lightweight】The blade of the fish knife is relatively soft and can better adapt to the shape of the fish ingredients, making it easier to operate and control. Its portability allows chefs to switch between different kitchen utensils more freely, improving work efficiency."
"1731552015-25","https://www.amazon.ca/s?k=Knife&crid=QL5BVX2FO3I7&sprefix=knife%2Caps%2C199&ref=nb_sb_noss_1","Imarku Japanese Chef Knife - Pro Kitchen Knife 8 Inch Chef's Knives High Carbon Stainless Steel Sharp Paring Knife with Ergonomic Handle","https://www.amazon.ca/Imarku-Kitchen-Stainless-Ergonomic-Equipment/dp/B01DDBJF12/ref=sr_1_26?crid=QL5BVX2FO3I7&dib=eyJ2IjoiMSJ9.F1dFyELlrvr-h1hn7PVeh6xTSrq6JC1h9arIRe7UlHqjYCXcmDKHICSdIcTq1nINXnNAEDq5CZ53u0JRBxIbUJDyW8b7_sB4wx-j8Qqv6TfVJPlFdD4zf58yUwp7iqrIMtX-xiQoiYxi2sl-_9Bt_VQ1tVYRlXe1nkX7csRpoH3LtpLDQUrjqbN8laxmSDuxFDfBiHtMNDF46w5dQPAyE1EaF-Dgeujk9TDe-lLxlLqsakU2Wy3PxhOMxZ7zyjFwUqCeuF_FRzWZ60QLi0VV2hATEQftOgibMLaVqSvUc_o.3zo-IDbwIZICePJ7-rWMnrez5A4p1kc_W_Ev3r5BQas&dib_tag=se&keywords=Knife&qid=1731551926&sprefix=knife%2Caps%2C199&sr=8-26","Imarku Japanese Chef Knife - Pro Kitchen Knife 8 Inch Chef's Knives High Carbon Stainless Steel Sharp Paring Knife with Ergonomic Handle","$59.99","High-Carbon Stainless Steel Blade- It is manufactured from high-quality stainless steel that maintains its functionality for a long time. And to boost its sturdiness, the steel contains 0.6-0.75 carbon. This makes it two times as hard as other knives in its class as they contain about 0.3% carbon     Multi-functional Knife- The gyutou knife is classified and designed to be a multipurpose knife for professional applications. It cuts, dices, slices, chops and also cuts meat off bones. It comes with a HRC( Rockwell Hardness Scale) of 56-58 which makes it among the tough knives in its class     Ergonomic Pakka Handle- To make it more professional and minimize any fatigue, finger numbness or aches after holding it continuously for an extended time the knife's handle is made from Pakka. This is material that originates from Africa and its known for its comfort, strength and stability     Ultra-sharp Edge- Sharpness is key to achieving the best cuts and this is evident in the knife's blade which is quite sharp and will remain this way even after tough tasks such as cutting tough meat or removing flesh from bones. The sharpness is further boosted by use of the latest Japanese engineering     Corrosion Resistance Stainless Blade- In addition to carbon, 16-18% chrome is also included in the blade's metal composition. This gives its a glossy finish which will not tarnish even after using it for a long time, they are perfect mothers day gifts, christmas gifts, wedding and birthday gifts. We offer our customers a lifetime warranty on these knives"
"1731552018-26","https://www.amazon.ca/s?k=Knife&crid=QL5BVX2FO3I7&sprefix=knife%2Caps%2C199&ref=nb_sb_noss_1","Gourmetop Chef Knife Set with Cover 3 Pcs, Black Kitchen Knife Set for Cooking, Sharp Small Kitchen Knives with Sheath, 8'' Chef Knife, 5'' Utility, 3.5'' Paring, Stainless Steel Chef Cutting Knives","https://www.amazon.ca/Gourmetop-Kitchen-Stainless-Damascus-Pattern/dp/B0CM3BT33D/ref=sr_1_25?crid=QL5BVX2FO3I7&dib=eyJ2IjoiMSJ9.F1dFyELlrvr-h1hn7PVeh6xTSrq6JC1h9arIRe7UlHqjYCXcmDKHICSdIcTq1nINXnNAEDq5CZ53u0JRBxIbUJDyW8b7_sB4wx-j8Qqv6TfVJPlFdD4zf58yUwp7iqrIMtX-xiQoiYxi2sl-_9Bt_VQ1tVYRlXe1nkX7csRpoH3LtpLDQUrjqbN8laxmSDuxFDfBiHtMNDF46w5dQPAyE1EaF-Dgeujk9TDe-lLxlLqsakU2Wy3PxhOMxZ7zyjFwUqCeuF_FRzWZ60QLi0VV2hATEQftOgibMLaVqSvUc_o.3zo-IDbwIZICePJ7-rWMnrez5A4p1kc_W_Ev3r5BQas&dib_tag=se&keywords=Knife&qid=1731551926&sprefix=knife%2Caps%2C199&sr=8-25","Gourmetop Chef Knife Set with Cover 3 Pcs, Black Kitchen Knife Set for Cooking, Sharp Small Kitchen Knives with Sheath, 8'' Chef Knife, 5'' Utility, 3.5'' Paring, Stainless Steel Chef Cutting Knives","$15.99","High-Performance Knife Set: Meet All Kitchen Needs. Refresh your cutlery collection with the Gourmetop 3-piece chef knife set. This versatile set includes all the essential kitchen knives for daily food prep tasks, such as slicing, cutting, dicing, chopping, mincing, trimming, and more! The set contains: an 8” chef knife for cutting, chopping, and slicing all types of meats and vegetables; a 5” utility knife for mincing shallots, onions, and herbs with precision; and a 3.5” paring knife for accurately handling smaller ingredients.     Premium Stainless Steel & Elegant Damascus Pattern: Elevate Your Kitchen. The Gourmetop 3-piece kitchen knife set features premium stainless steel, providing exceptional hardness (HRC 56+), excellent edge retention, and outstanding durability. Coated with a food-safe black nonstick finish and featuring an elegant Damascus pattern, this chef knife set adds both performance and style to your kitchen.     Comfortable & Anti-Slip Handle: Maximum Control and Comfort. The Gourmetop chef knives are designed with durable PP handles that feature an anti-slip texture. These ergonomically contoured handles ensure a comfortable grip, optimal flexibility, and easy maneuverability, making this chef knife set ideal for everyday use.     15° Blade Angle for Precision Cutting: Sharp and Efficient. Compared to most standard knives, the Gourmetop chef knife is honed to a precise 15° blade angle, providing exceptional sharpness for finer, more accurate cuts. Whether slicing through vegetables, fruits, or meats, you'll experience smooth, effortless cutting every time.     Extra Protection: Sheath and Warranty Included. Each knife in the Gourmetop kitchen knife set comes with a matching sheath/cover to securely protect the blade and your fingers during storage. Plus, the set is backed by a one-year warranty for added peace of mind."
"1731552022-27","https://www.amazon.ca/s?k=Knife&crid=QL5BVX2FO3I7&sprefix=knife%2Caps%2C199&ref=nb_sb_noss_1","Japanese Chefs Knife Set, 8"" Chef Knife & 7"" Santoku Knife & 5"" Utility Knife,High Carbon Stainless Steel Sharp Paring Kitchen Knife with Ergonomic Handle,Kitchen Gadgets for Women & Men with Gift Box","https://www.amazon.ca/Japanese-Santoku-Utility-Stainless-Ergonomic/dp/B0B7XLZMV7/ref=sr_1_20?crid=QL5BVX2FO3I7&dib=eyJ2IjoiMSJ9.F1dFyELlrvr-h1hn7PVeh6xTSrq6JC1h9arIRe7UlHqjYCXcmDKHICSdIcTq1nINXnNAEDq5CZ53u0JRBxIbUJDyW8b7_sB4wx-j8Qqv6TfVJPlFdD4zf58yUwp7iqrIMtX-xiQoiYxi2sl-_9Bt_VQ1tVYRlXe1nkX7csRpoH3LtpLDQUrjqbN8laxmSDuxFDfBiHtMNDF46w5dQPAyE1EaF-Dgeujk9TDe-lLxlLqsakU2Wy3PxhOMxZ7zyjFwUqCeuF_FRzWZ60QLi0VV2hATEQftOgibMLaVqSvUc_o.3zo-IDbwIZICePJ7-rWMnrez5A4p1kc_W_Ev3r5BQas&dib_tag=se&keywords=Knife&qid=1731551926&sprefix=knife%2Caps%2C199&sr=8-20","Japanese Chefs Knife Set, 8"" Chef Knife & 7"" Santoku Knife & 5"" Utility Knife,High Carbon Stainless Steel Sharp Paring Kitchen Knife with Ergonomic Handle,Kitchen Gadgets for Women & Men with Gift Box","$39.99","Professional Kitchen Knife Set:HolaFolks Chefs Knife includes 8"" Chefs Knife, 7"" Japanese Santoku Knife and 5"" Utility Knife. This professional-grade kitchen set can handle all your kitchen tasks with ease. Such as minced, sliced, diced, minced meat, fruits and vegetables. This razor-sharp chefs knife will give you the unique kitchen pleasure of a knife.     High Quality Steel Material:This professional knife set is made of 5Cr15MoV high carbon stainless steel. The carbon content is 0.5%. The unique 15-degree angled V-shape makes the blade sharper. Resists rust, corrosion and discoloration. The blade has high hardness, wear resistance, durability and sharpness. The toughness of 5Cr15MoV high carbon steel material is far better than that of 3Cr13MoV material. Let you use it longer, it is your best choice.     Super Sharp Cooking Knife:Sharpness is the key to a kitchen knife. The cleaver is hand-sharpened by artisans with decades of experience to ensure a lasting sharpness. Our razor-sharp kitchen knives are 2.5mm thick and the carefully forged 15-degree edge on each side is strong and sharp, which ensures blade sharpness and long-lasting performance. It's sturdy and sharp, making chopping smoother and easier.     Comfortable Ergonomically Designed Handle:The chef knives handle adopts a double steel head + ABS material three rivets in one handle. One-piece full tang blade, perfectly balanced, weight balance between handle and blade. Take care of your subtle experience, full and smooth curved design. Brand new ergonomic design, tight combination of steel nails and colored wood. It allows you to use the knife elegantly and naturally, and at the same time feels comfortable and convenient for you."
"1731552025-28","https://www.amazon.ca/s?k=Knife&crid=QL5BVX2FO3I7&sprefix=knife%2Caps%2C199&ref=nb_sb_noss_1","KitchenAid - Santoku Knife, 5-Inch High-Carbon Japanese Steel Knife with Protective Sheath","https://www.amazon.ca/KitchenAid-Santoku-Knife-Japanese-Steel/dp/B097NCCW11/ref=sr_1_19?crid=QL5BVX2FO3I7&dib=eyJ2IjoiMSJ9.F1dFyELlrvr-h1hn7PVeh6xTSrq6JC1h9arIRe7UlHqjYCXcmDKHICSdIcTq1nINXnNAEDq5CZ53u0JRBxIbUJDyW8b7_sB4wx-j8Qqv6TfVJPlFdD4zf58yUwp7iqrIMtX-xiQoiYxi2sl-_9Bt_VQ1tVYRlXe1nkX7csRpoH3LtpLDQUrjqbN8laxmSDuxFDfBiHtMNDF46w5dQPAyE1EaF-Dgeujk9TDe-lLxlLqsakU2Wy3PxhOMxZ7zyjFwUqCeuF_FRzWZ60QLi0VV2hATEQftOgibMLaVqSvUc_o.3zo-IDbwIZICePJ7-rWMnrez5A4p1kc_W_Ev3r5BQas&dib_tag=se&keywords=Knife&qid=1731551926&sprefix=knife%2Caps%2C199&sr=8-19","KitchenAid - Santoku Knife, 5-Inch High-Carbon Japanese Steel Knife with Protective Sheath","$11.99","CUTLERY ESSENTIAL: The KitchenAid santoku knife is a must have for everyday meal prep. The ridges on the blade are specially designed to prevent foods from sticking while you slice, making it perfect for chopping and dicing small vegetables.     LONG-LASTING SHARPNESS: Blades are expertly crafted using semi-polished, high-carbon Japanese steel, hardened and tempered to provide a long-lasting edge for a professional, quality cut every time     ERGONOMIC HANDLE: These KitchenAid knives feature eastern-style ergonomic handles that provide optimal control for everyday use. These handles are expertly engineered with a textured finish for a comfortable grip and accented with a chrome endcap.     BLADE COVER: Includes a custom-fit blade cover for secure, safe storage.     CARE: KitchenAid knives are top rack dishwasher safe. To extend the life of your cutlery, hand washing is recommended. Dry immediately."
"1731552028-29","https://www.amazon.ca/s?k=Knife&crid=QL5BVX2FO3I7&sprefix=knife%2Caps%2C199&ref=nb_sb_noss_1","REGENT 8.3"" FOLDING KNIFE/TITANIUM BONDED / 420SS / BLACK GFN HANDLE","https://www.amazon.ca/REGENT-FOLDING-TITANIUM-BONDED-HANDLE/dp/B0BPW6J621/ref=sr_1_18?crid=QL5BVX2FO3I7&dib=eyJ2IjoiMSJ9.F1dFyELlrvr-h1hn7PVeh6xTSrq6JC1h9arIRe7UlHqjYCXcmDKHICSdIcTq1nINXnNAEDq5CZ53u0JRBxIbUJDyW8b7_sB4wx-j8Qqv6TfVJPlFdD4zf58yUwp7iqrIMtX-xiQoiYxi2sl-_9Bt_VQ1tVYRlXe1nkX7csRpoH3LtpLDQUrjqbN8laxmSDuxFDfBiHtMNDF46w5dQPAyE1EaF-Dgeujk9TDe-lLxlLqsakU2Wy3PxhOMxZ7zyjFwUqCeuF_FRzWZ60QLi0VV2hATEQftOgibMLaVqSvUc_o.3zo-IDbwIZICePJ7-rWMnrez5A4p1kc_W_Ev3r5BQas&dib_tag=se&keywords=Knife&qid=1731551926&sprefix=knife%2Caps%2C199&sr=8-18","REGENT 8.3"" FOLDING KNIFE/TITANIUM BONDED / 420SS / BLACK GFN HANDLE","$25.52","REGENT 8.3"" FOLDING KNIFE / TITANIUM BONDED / 420SS / BLACK GFN HANDLE     REGENT 8.3"" FOLDING KNIFE / TITANIUM BONDED / 420SS / BLACK GFN HANDLE     REGENT 8.3"" FOLDING KNIFE / TITANIUM BONDED / 420SS / BLACK GFN HANDLE"
"1731552031-30","https://www.amazon.ca/s?k=Knife&crid=QL5BVX2FO3I7&sprefix=knife%2Caps%2C199&ref=nb_sb_noss_1","Mossy Oak 2-Piece Hunting Knives Gut Hook Set with Sheath Fixed Blade Stainless Steel Blades","https://www.amazon.ca/Mossy-Oak-2-Piece-Hunting-Knives/dp/B018NKHBZU/ref=sr_1_17?crid=QL5BVX2FO3I7&dib=eyJ2IjoiMSJ9.F1dFyELlrvr-h1hn7PVeh6xTSrq6JC1h9arIRe7UlHqjYCXcmDKHICSdIcTq1nINXnNAEDq5CZ53u0JRBxIbUJDyW8b7_sB4wx-j8Qqv6TfVJPlFdD4zf58yUwp7iqrIMtX-xiQoiYxi2sl-_9Bt_VQ1tVYRlXe1nkX7csRpoH3LtpLDQUrjqbN8laxmSDuxFDfBiHtMNDF46w5dQPAyE1EaF-Dgeujk9TDe-lLxlLqsakU2Wy3PxhOMxZ7zyjFwUqCeuF_FRzWZ60QLi0VV2hATEQftOgibMLaVqSvUc_o.3zo-IDbwIZICePJ7-rWMnrez5A4p1kc_W_Ev3r5BQas&dib_tag=se&keywords=Knife&qid=1731551926&sprefix=knife%2Caps%2C199&sr=8-17","Mossy Oak 2-Piece Hunting Knives Gut Hook Set with Sheath Fixed Blade Stainless Steel Blades","$29.99","2-Piece Hunting Knives Set: Straight Edge Hunting Knife/Skinning Knife Overall Length: 10-3/8 inch; Blade Length: 5-1/8 inch, Gut Hook Knife Overall Length: 9-3/8 inch; Blade Length: 4-1/4 inch     Stainless Steel Fixed Blade: Black razor sharp blade, made of stainless steel, hardness: 50-56 HRC, provides excellent hardness and edge retention     Full-tang Camo Handle: Unique camouflage pattern printed, no slip design, with lanyard hole     Two Versions of Black Heavy Duty Sheath with Guard: Nylon dual carry sheath with button snap or two Velcro straps to easy and safe carry of each survival knife     Multiple Uses for Outdoor: Suitable for various military, hunting, survival, tactical, camping, industrial and outdoor situations. Compact skinning Knife, which is perfect for cutting the rope, dealing with the animal's internal organs and many other cutting activities"
"1731552035-31","https://www.amazon.ca/s?k=Knife&crid=QL5BVX2FO3I7&sprefix=knife%2Caps%2C199&ref=nb_sb_noss_1","Imarku Chef Knife 7 Inch Kitchen Knife Ultra Sharp Santoku Knife - 7Cr17Mov Japanese Chefs Knife - Ergonomic Pakkawood Handle, Best Knives Choice for Thanksgiving, Christmas Gifts, Brown","https://www.amazon.ca/Santoku-Knife-Stainless-Ergonomic-Restaurant/dp/B0865TNBKC/ref=sr_1_16?crid=QL5BVX2FO3I7&dib=eyJ2IjoiMSJ9.F1dFyELlrvr-h1hn7PVeh6xTSrq6JC1h9arIRe7UlHqjYCXcmDKHICSdIcTq1nINXnNAEDq5CZ53u0JRBxIbUJDyW8b7_sB4wx-j8Qqv6TfVJPlFdD4zf58yUwp7iqrIMtX-xiQoiYxi2sl-_9Bt_VQ1tVYRlXe1nkX7csRpoH3LtpLDQUrjqbN8laxmSDuxFDfBiHtMNDF46w5dQPAyE1EaF-Dgeujk9TDe-lLxlLqsakU2Wy3PxhOMxZ7zyjFwUqCeuF_FRzWZ60QLi0VV2hATEQftOgibMLaVqSvUc_o.3zo-IDbwIZICePJ7-rWMnrez5A4p1kc_W_Ev3r5BQas&dib_tag=se&keywords=Knife&qid=1731551926&sprefix=knife%2Caps%2C199&sr=8-16","Imarku Chef Knife 7 Inch Kitchen Knife Ultra Sharp Santoku Knife - 7Cr17Mov Japanese Chefs Knife - Ergonomic Pakkawood Handle, Best Knives Choice for Thanksgiving, Christmas Gifts, Brown","$49.99","Professional Santoku Knife: This imarku Super Sharp Santoku Knife is made of Jananese HC stainless steel that resists rust, corrosion, and discoloration. It can be used for your daily kitchen tasks of chopping, slicing, dicing, and mincing of all kinds of meat, vegetables, fruits, and bread. It is suitable for both home and restaurant kitchens.     Ultra-Sharp Edge: Sharpness is key. The professional knife blade polishing makes this Japanese knife be more sharper than others, and it has been proven its ability to withstand the rigors of tough restaurant use. The thickness of this kitchen knife is 2.5mm. Its hand-polished edge is 15-18 degrees per side, which is sturdy and sharp to get the job done perfectly.     Hollow Edge Design: The 7-inch santoku chef knife scalloped hollow edge is add gap between the knife blade and the material being cut, keeping things from sticking to the knife blade, special for slicing, dicing, and mincing.     Ergonomic Design: Advanced Pakkawood Handle manufacturing process minimizes wrist tension while providing a secure, comfortable grip no matter your hand size or where you grip. Special texture, smoothly. Compare to other Pakkawood, it is way more stable and sanitary, No expantion, no crack like traditional wood and pakkawood handle, which asures you the best food safety.     The Perfect Gifts: The knife comes in a high-end black gift box, making it the perfect gift for whoever you love. Our kitchen knife product provides worry-free purchasing for customers with our after-sales support offering a 3-month free refund and 1-year free exchange service."
"1731552037-32","https://www.amazon.ca/s?k=Knife&crid=QL5BVX2FO3I7&sprefix=knife%2Caps%2C199&ref=nb_sb_noss_1","Starfrit Gourmet - Set of 4 Paring Knives with Protective Covers - Stainless Steel Blade","https://www.amazon.ca/Gourmet-Starfrit-080906-Paring-Covers/dp/B00SWR17GO/ref=sr_1_15?crid=QL5BVX2FO3I7&dib=eyJ2IjoiMSJ9.F1dFyELlrvr-h1hn7PVeh6xTSrq6JC1h9arIRe7UlHqjYCXcmDKHICSdIcTq1nINXnNAEDq5CZ53u0JRBxIbUJDyW8b7_sB4wx-j8Qqv6TfVJPlFdD4zf58yUwp7iqrIMtX-xiQoiYxi2sl-_9Bt_VQ1tVYRlXe1nkX7csRpoH3LtpLDQUrjqbN8laxmSDuxFDfBiHtMNDF46w5dQPAyE1EaF-Dgeujk9TDe-lLxlLqsakU2Wy3PxhOMxZ7zyjFwUqCeuF_FRzWZ60QLi0VV2hATEQftOgibMLaVqSvUc_o.3zo-IDbwIZICePJ7-rWMnrez5A4p1kc_W_Ev3r5BQas&dib_tag=se&keywords=Knife&qid=1731551926&sprefix=knife%2Caps%2C199&sr=8-15","Starfrit Gourmet - Set of 4 Paring Knives with Protective Covers - Stainless Steel Blade","$11.28","✔️ 3.5"" (8.9 cm) high carbon stainless steel blade for precision cutting     ✔️ Protective snap-on cover for safe storage     ✔️ Color coded handle to reduce cross contamination     ✔️ Set of 4 pairing knifes     ✔️ Non-stick blade coating for effortless slicing and dicing"
"1731552041-33","https://www.amazon.ca/s?k=Knife&crid=QL5BVX2FO3I7&sprefix=knife%2Caps%2C199&ref=nb_sb_noss_1","HOSHANHO 7 Inch Japanese Chef Knife, Ultra Sharp High Carbon Stainless Steel AUS-10 Kitchen Knife, Professional Santoku Knives with Ergonomic Pakkawood Handle","https://www.amazon.ca/HOSHANHO-Stainless-Professional-Ergonomic-Pakkawood/dp/B0C1BQTQKL/ref=sr_1_14?crid=QL5BVX2FO3I7&dib=eyJ2IjoiMSJ9.F1dFyELlrvr-h1hn7PVeh6xTSrq6JC1h9arIRe7UlHqjYCXcmDKHICSdIcTq1nINXnNAEDq5CZ53u0JRBxIbUJDyW8b7_sB4wx-j8Qqv6TfVJPlFdD4zf58yUwp7iqrIMtX-xiQoiYxi2sl-_9Bt_VQ1tVYRlXe1nkX7csRpoH3LtpLDQUrjqbN8laxmSDuxFDfBiHtMNDF46w5dQPAyE1EaF-Dgeujk9TDe-lLxlLqsakU2Wy3PxhOMxZ7zyjFwUqCeuF_FRzWZ60QLi0VV2hATEQftOgibMLaVqSvUc_o.3zo-IDbwIZICePJ7-rWMnrez5A4p1kc_W_Ev3r5BQas&dib_tag=se&keywords=Knife&qid=1731551926&sprefix=knife%2Caps%2C199&sr=8-14","HOSHANHO 7 Inch Japanese Chef Knife, Ultra Sharp High Carbon Stainless Steel AUS-10 Kitchen Knife, Professional Santoku Knives with Ergonomic Pakkawood Handle","$79.99","【Ultra-tough Stainless Steel Blade】The whole blade forged with triple-layer laminated steel, and made of high-end Japanese steel AUS-10, which can withstands cold, heat, and corrosion for long-term use. It's hardness reaches 62HRC, the steel contains about 0.3% carbon, making it two times as hard as other knives in its class.     【Excellent & Fashion Design】The blade is frosted design, unique polishing technology and hand sharpened 15° blade angle make thinner cuts, accomplishing a variety of difficult tasks in the kitchen with more precision. Double-side groove design can reduce cutting resistance and prevent food sticking.     【Ergonomic Pakkawood Handle】This HOSHANHO chef knife adopted with smooth and ergonomic handle, ensuring optimum comfort, control, and agility. The knife's handle is made from African pakkawood, which will not be cracked by thermal expansion and is durable.     【Versatile Professional Chef's Knife】This Japanese Santoku knife is suitable for home and professional use, chopping, slicing, dicing, and is also suitable for cutting fruits, bread, vegetables, fillets or meats etc, easily do your daily kitchen tasks.     【Perfect Gifts】HOSHANHO chef knife packaged with a luxurious gift box. It is suitable for both home and restaurant kitchens, is perfect gift for any kitchen or knife enthusiast or as a wedding gift, housewarming gift, christmas present."
"1731552044-34","https://www.amazon.ca/s?k=Knife&crid=QL5BVX2FO3I7&sprefix=knife%2Caps%2C199&ref=nb_sb_noss_1","2 pieces Fixed Blade Knife,Fixed Raptor Claw Knife,Stainless Steel Fixed Blade Tactical Knife with Sheath and Cord,for Work Camping Hiking Fishing Outdoor","https://www.amazon.ca/Stainless-Tactical-Camping-Fishing-Outdoor/dp/B09NSJ4Q95/ref=sr_1_13?crid=QL5BVX2FO3I7&dib=eyJ2IjoiMSJ9.F1dFyELlrvr-h1hn7PVeh6xTSrq6JC1h9arIRe7UlHqjYCXcmDKHICSdIcTq1nINXnNAEDq5CZ53u0JRBxIbUJDyW8b7_sB4wx-j8Qqv6TfVJPlFdD4zf58yUwp7iqrIMtX-xiQoiYxi2sl-_9Bt_VQ1tVYRlXe1nkX7csRpoH3LtpLDQUrjqbN8laxmSDuxFDfBiHtMNDF46w5dQPAyE1EaF-Dgeujk9TDe-lLxlLqsakU2Wy3PxhOMxZ7zyjFwUqCeuF_FRzWZ60QLi0VV2hATEQftOgibMLaVqSvUc_o.3zo-IDbwIZICePJ7-rWMnrez5A4p1kc_W_Ev3r5BQas&dib_tag=se&keywords=Knife&qid=1731551926&sprefix=knife%2Caps%2C199&sr=8-13","2 pieces Fixed Blade Knife,Fixed Raptor Claw Knife,Stainless Steel Fixed Blade Tactical Knife with Sheath and Cord,for Work Camping Hiking Fishing Outdoor","$14.99","Material: high quality stainless steel and Non-skid design plastic handle. Blade - Rustproof, Wearable and Sharp.lightweight easy to carry.     Design: Ergonomically designed handle, feels great to hold in your hand and comfortable to use.The package contains 2 pieces camping knife with sheath. One is silver, the other is color     Maintenance: After using in water environment wipe the water off, Apply some lubricant before putting in the sheath to make the camping knife last longer     Multifunction: Perfectly suitable for outdoor activities, such as hunting, fishing, hiking and every day carry accessories     Attention: Sharpe blade, do not let kids under 13 to play or use it. The handle are plastic material, keep away from high temperature,to avoid deformation."
"1731552047-35","https://www.amazon.ca/s?k=Knife&crid=QL5BVX2FO3I7&sprefix=knife%2Caps%2C199&ref=nb_sb_noss_1","Cuisinart 8"" Chef Knife, High Carbon Stainless Steel, Triple Rivet, Black (TRC-HCFC)","https://www.amazon.ca/Cuisinart-Carbon-Stainless-Triple-TRC-HCFC/dp/B0D5ST1BD2/ref=sr_1_12?crid=QL5BVX2FO3I7&dib=eyJ2IjoiMSJ9.F1dFyELlrvr-h1hn7PVeh6xTSrq6JC1h9arIRe7UlHqjYCXcmDKHICSdIcTq1nINXnNAEDq5CZ53u0JRBxIbUJDyW8b7_sB4wx-j8Qqv6TfVJPlFdD4zf58yUwp7iqrIMtX-xiQoiYxi2sl-_9Bt_VQ1tVYRlXe1nkX7csRpoH3LtpLDQUrjqbN8laxmSDuxFDfBiHtMNDF46w5dQPAyE1EaF-Dgeujk9TDe-lLxlLqsakU2Wy3PxhOMxZ7zyjFwUqCeuF_FRzWZ60QLi0VV2hATEQftOgibMLaVqSvUc_o.3zo-IDbwIZICePJ7-rWMnrez5A4p1kc_W_Ev3r5BQas&dib_tag=se&keywords=Knife&qid=1731551926&sprefix=knife%2Caps%2C199&sr=8-12","Cuisinart 8"" Chef Knife, High Carbon Stainless Steel, Triple Rivet, Black (TRC-HCFC)","$14.97","Superior high carbon stainless steel for precision & accuracy     Ideal for mincing and slicing vegetables     Forged durable extra-wide safety bolster for perfect stability & control     Stainless Steel rivets to secure the full-tang blade to the ergonomically designed handle     Comfortable grip and safe handling"
"1731552051-36","https://www.amazon.ca/s?k=Knife&crid=QL5BVX2FO3I7&sprefix=knife%2Caps%2C199&ref=nb_sb_noss_1","Amazon Basics Color-Coded Dishwasher Safe Kitchen 12-Piece Knife Set, 6 Knives with 6 Blade Guards, Multicolor, 13.88 x 4.13 x 1.38 inch","https://www.amazon.ca/Amazon-Basics-Color-Coded-Dishwasher-Multicolor/dp/B01B3GARVG/ref=sr_1_11?crid=QL5BVX2FO3I7&dib=eyJ2IjoiMSJ9.F1dFyELlrvr-h1hn7PVeh6xTSrq6JC1h9arIRe7UlHqjYCXcmDKHICSdIcTq1nINXnNAEDq5CZ53u0JRBxIbUJDyW8b7_sB4wx-j8Qqv6TfVJPlFdD4zf58yUwp7iqrIMtX-xiQoiYxi2sl-_9Bt_VQ1tVYRlXe1nkX7csRpoH3LtpLDQUrjqbN8laxmSDuxFDfBiHtMNDF46w5dQPAyE1EaF-Dgeujk9TDe-lLxlLqsakU2Wy3PxhOMxZ7zyjFwUqCeuF_FRzWZ60QLi0VV2hATEQftOgibMLaVqSvUc_o.3zo-IDbwIZICePJ7-rWMnrez5A4p1kc_W_Ev3r5BQas&dib_tag=se&keywords=Knife&qid=1731551926&sprefix=knife%2Caps%2C199&sr=8-11","Amazon Basics Color-Coded Dishwasher Safe Kitchen 12-Piece Knife Set, 6 Knives with 6 Blade Guards, Multicolor, 13.88 x 4.13 x 1.38 inch","$20.61","12-piece color-coded knife set includes 6 knives with matching knife covers Knives include: paring knife, utility knife, Santoku knife, carving knife, chef knife, and bread knife     Unique color-coded system for quick knife identification and to reduce the risk of cross-contamination during food preparation     Durable stainless-steel blades effectively hold a sharp cutting edge for safe, efficient use     Nonstick color coating helps prevent food from sticking to the blade for faster, easier cutting     Ergonomic handles promote a secure, comfortable grip Matching blade guards protect blades and allow for safe storage in a drawer"
"1731552054-37","https://www.amazon.ca/s?k=Knife&crid=QL5BVX2FO3I7&sprefix=knife%2Caps%2C199&ref=nb_sb_noss_1","Home Hero Ultra-Sharp Stainless Steel Kitchen Knife Set - Chef Knife with Knife Sharpener - Steak Knives - Couteau Cuisine (6 pcs Set - Black with Sheath)","https://www.amazon.ca/Home-Hero-Ultra-Sharp-Stainless-Kitchen/dp/B0BKH3TKKZ/ref=sr_1_10?crid=QL5BVX2FO3I7&dib=eyJ2IjoiMSJ9.F1dFyELlrvr-h1hn7PVeh6xTSrq6JC1h9arIRe7UlHqjYCXcmDKHICSdIcTq1nINXnNAEDq5CZ53u0JRBxIbUJDyW8b7_sB4wx-j8Qqv6TfVJPlFdD4zf58yUwp7iqrIMtX-xiQoiYxi2sl-_9Bt_VQ1tVYRlXe1nkX7csRpoH3LtpLDQUrjqbN8laxmSDuxFDfBiHtMNDF46w5dQPAyE1EaF-Dgeujk9TDe-lLxlLqsakU2Wy3PxhOMxZ7zyjFwUqCeuF_FRzWZ60QLi0VV2hATEQftOgibMLaVqSvUc_o.3zo-IDbwIZICePJ7-rWMnrez5A4p1kc_W_Ev3r5BQas&dib_tag=se&keywords=Knife&qid=1731551926&sprefix=knife%2Caps%2C199&sr=8-10","Home Hero Ultra-Sharp Stainless Steel Kitchen Knife Set - Chef Knife with Knife Sharpener - Steak Knives - Couteau Cuisine (6 pcs Set - Black with Sheath)","$29.99","Eye-Catching Professional Knife Set - This black kitchen knife set includes an 8'' paring knife, a 13'' bread knife, a 13'' chef knife, a 13'' carving knife, a 9'' utility knife with individual sheaths and a two-stage sharpener!     Powerful Two-Stage Knife Sharpener - These knives come sharp and ready to use, but we've also added a two-stage knife sharpener so they'll stay like that for years to come. Looking for great cooking gifts or house warming gifts? Look no further!     Premium Stainless Steel - Made with durable 3Cr13 stainless steel, this sharp kitchen knife set will help you slice, dice, and chop to your heart's content. And to keep them sharp for longer, the sheaths will protect the blades when not in use!     Durable Non-Stick Coating - Forget about food sticking to your knife while cooking. The durable non-stick coating of this damascus style knife set will make both slicing and cleaning extra easy.     Ergonomic Handle for Extra Safety - Designed to keep you and your family safe, this small knife set has been designed for ideal balance and has an ergonomic handle for easy, secure handling."
"1731552057-38","https://www.amazon.ca/s?k=Knife&crid=QL5BVX2FO3I7&sprefix=knife%2Caps%2C199&ref=nb_sb_noss_1","Mossy Oak Survival Hunting Knife with Sheath, 15-inch Fixed Blade Tactical Bowie Knife with Sharpener & Fire Starter for Camping, Outdoor, Bushcraft","https://www.amazon.ca/Mossy-Oak-Survival-Sharpener-Bushcraft/dp/B01EYCE9JW/ref=sr_1_8?crid=QL5BVX2FO3I7&dib=eyJ2IjoiMSJ9.F1dFyELlrvr-h1hn7PVeh6xTSrq6JC1h9arIRe7UlHqjYCXcmDKHICSdIcTq1nINXnNAEDq5CZ53u0JRBxIbUJDyW8b7_sB4wx-j8Qqv6TfVJPlFdD4zf58yUwp7iqrIMtX-xiQoiYxi2sl-_9Bt_VQ1tVYRlXe1nkX7csRpoH3LtpLDQUrjqbN8laxmSDuxFDfBiHtMNDF46w5dQPAyE1EaF-Dgeujk9TDe-lLxlLqsakU2Wy3PxhOMxZ7zyjFwUqCeuF_FRzWZ60QLi0VV2hATEQftOgibMLaVqSvUc_o.3zo-IDbwIZICePJ7-rWMnrez5A4p1kc_W_Ev3r5BQas&dib_tag=se&keywords=Knife&qid=1731551926&sprefix=knife%2Caps%2C199&sr=8-8","Mossy Oak Survival Hunting Knife with Sheath, 15-inch Fixed Blade Tactical Bowie Knife with Sharpener & Fire Starter for Camping, Outdoor, Bushcraft","$27.99","15 inch Fixed Blade Knife: Overall Length: 15 inch; Blade Length: 10 inch; Thickness: 5/32 inch (3.8 mm); Weight: 16.8 oz. Ultra-sharp combat knife, stronger than any hunting knife or bowie knife     Razor Sharp: Made of 440C stainless steel for excellent hardness, improved edge retention and rust resistance. The Rambo knife blade features saw back, black anodize, ideal for camping expeditions or survival training     Comfortable Rubber Handle: Classic designed handle with soft rubber, provides high friction and comfortable non-slip grip for use     Nylon Sheath With Sharpener and Fire Starter: Durable heavy duty nylon sheath for easy and safe carry, packaged with a fire starter (black) and a sharpener (sliver)     Applicable Occasions: As a perfect camping and hunting knife, it’s suitable for hunter, camper, survivalist or outdoor sports enthusiast so that you can enjoy your adventure"
"1731552060-39","https://www.amazon.ca/s?k=Knife&crid=QL5BVX2FO3I7&sprefix=knife%2Caps%2C199&ref=nb_sb_noss_1","Amazon Basics Classic 8-Inch Chef Knife with Three Rivets","https://www.amazon.ca/Amazon-Basics-Classic-8-Inch-Rivets/dp/B09WW6VGHX/ref=sr_1_7?crid=QL5BVX2FO3I7&dib=eyJ2IjoiMSJ9.F1dFyELlrvr-h1hn7PVeh6xTSrq6JC1h9arIRe7UlHqjYCXcmDKHICSdIcTq1nINXnNAEDq5CZ53u0JRBxIbUJDyW8b7_sB4wx-j8Qqv6TfVJPlFdD4zf58yUwp7iqrIMtX-xiQoiYxi2sl-_9Bt_VQ1tVYRlXe1nkX7csRpoH3LtpLDQUrjqbN8laxmSDuxFDfBiHtMNDF46w5dQPAyE1EaF-Dgeujk9TDe-lLxlLqsakU2Wy3PxhOMxZ7zyjFwUqCeuF_FRzWZ60QLi0VV2hATEQftOgibMLaVqSvUc_o.3zo-IDbwIZICePJ7-rWMnrez5A4p1kc_W_Ev3r5BQas&dib_tag=se&keywords=Knife&qid=1731551926&sprefix=knife%2Caps%2C199&sr=8-7","Amazon Basics Classic 8-Inch Chef Knife with Three Rivets","$16.15","This 8- inch chef’s knife is a versatile tool for cutting, chopping, dicing, mincing and more     High carbon stainless steel blade with a satin finish that is stain, rust and pit resistant     Forged stainless steel construction with a full tang, 8” blade and three rivets     Semi bolster design adds weight and balance while also ensuring full blade access when chopping or sharpening     Product dimensions: 13.28” x 1.85” x 0.87” inches (LxWxH)     Hand wash only"
"1731552067-40","https://www.amazon.ca/s?k=Knife&crid=QL5BVX2FO3I7&sprefix=knife%2Caps%2C199&ref=nb_sb_noss_1","PAUDIN Kitchen Knife, German High Carbon Stainless Steel Forged Chef Knife, Ultra Sharp Blade Knife with Ergonomic Wooden Handle (N1 Chef Knife 8"")","https://www.amazon.ca/Chef-Knife-Stainless-Ergonomic-Restaurant/dp/B07TKW9N5Y/ref=sr_1_6?crid=QL5BVX2FO3I7&dib=eyJ2IjoiMSJ9.F1dFyELlrvr-h1hn7PVeh6xTSrq6JC1h9arIRe7UlHqjYCXcmDKHICSdIcTq1nINXnNAEDq5CZ53u0JRBxIbUJDyW8b7_sB4wx-j8Qqv6TfVJPlFdD4zf58yUwp7iqrIMtX-xiQoiYxi2sl-_9Bt_VQ1tVYRlXe1nkX7csRpoH3LtpLDQUrjqbN8laxmSDuxFDfBiHtMNDF46w5dQPAyE1EaF-Dgeujk9TDe-lLxlLqsakU2Wy3PxhOMxZ7zyjFwUqCeuF_FRzWZ60QLi0VV2hATEQftOgibMLaVqSvUc_o.3zo-IDbwIZICePJ7-rWMnrez5A4p1kc_W_Ev3r5BQas&dib_tag=se&keywords=Knife&qid=1731551926&sprefix=knife%2Caps%2C199&sr=8-6","PAUDIN Kitchen Knife, German High Carbon Stainless Steel Forged Chef Knife, Ultra Sharp Blade Knife with Ergonomic Wooden Handle (N1 Chef Knife 8"")","$39.99","PROFESSIONAL CHEF'S KNIFE: This chef’s knife is suitable for cutting bread, vegetables, fillets or meats. This sharp knife is also suitable for home and professional use. Cutting like a master chef will bring you more joy in the kitchen!     MULTI-FUNCTIONAL KNIFE: This professional 8'' chef’s knife can easily handle your daily kitchen tasks of chopping, slicing, mincing and dicing fruits, vegetables and several meat varieties including fish, kitchen and beef. It truly is the all-around cooking knife!     ULTRA-SHARP EDGE: Sharpness is the most important feature for a cutting knife and we reached the great results in providing the best sharpness of our knives on the market. The thickness of this kitchen knife is 2mm, which is ideal to do the job, and do the job well. Hand polished by craftsman with decades of experience to ensure long-lasting sharpness.     ERGONOMICALLY SHAPED HANDLE: The blade of this chef knife is integrated with a soft and comfortable handle, creating the perfect grip. The ergonomic shape enables the right balance between the handle and the thin blade, ensuring ease of movement.     BEAUTIFUL PATTERN: The special waved pattern blade is particularly and strikingly (5Cr15Mov stainless steel kitchen knives, not real Damascus)."
"1731552071-41","https://www.amazon.ca/s?k=Knife&crid=QL5BVX2FO3I7&sprefix=knife%2Caps%2C199&ref=nb_sb_noss_1","MOSFiATA 8 inch Super Sharp Professional Chef's Knife with Finger Guard and Knife Sharpener, German High Carbon Stainless Steel EN1.4116 with Micarta Handle and Gift Box","https://www.amazon.ca/MOSFiATA-Professional-Sharpener-Stainless-Micarta/dp/B07Q1FFC65/ref=sr_1_5?crid=QL5BVX2FO3I7&dib=eyJ2IjoiMSJ9.F1dFyELlrvr-h1hn7PVeh6xTSrq6JC1h9arIRe7UlHqjYCXcmDKHICSdIcTq1nINXnNAEDq5CZ53u0JRBxIbUJDyW8b7_sB4wx-j8Qqv6TfVJPlFdD4zf58yUwp7iqrIMtX-xiQoiYxi2sl-_9Bt_VQ1tVYRlXe1nkX7csRpoH3LtpLDQUrjqbN8laxmSDuxFDfBiHtMNDF46w5dQPAyE1EaF-Dgeujk9TDe-lLxlLqsakU2Wy3PxhOMxZ7zyjFwUqCeuF_FRzWZ60QLi0VV2hATEQftOgibMLaVqSvUc_o.3zo-IDbwIZICePJ7-rWMnrez5A4p1kc_W_Ev3r5BQas&dib_tag=se&keywords=Knife&qid=1731551926&sprefix=knife%2Caps%2C199&sr=8-5","MOSFiATA 8 inch Super Sharp Professional Chef's Knife with Finger Guard and Knife Sharpener, German High Carbon Stainless Steel EN1.4116 with Micarta Handle and Gift Box","$59.99","8 Inch Chef's Knife : This MOSFiATA 8 Inch Chef Knife is made of high-quality German stainless steel that resists rust, corrosion and discoloration. It can be used for your daily kitchen tasks of chopping, slicing, dicing and mincing of all kinds of meat, vegetables, fruits and bread. It is suitable for both home and restaurant kitchens.     Sharp Edge & 14~16 Deg Sharpening Angle : Sharpness is key. Hand-polished by craftsmen with decades of experience to ensure its durability. The thickness of this kitchen knife is 2.5mm. Its hand-polished edge is 14-16 degrees per side, which is sturdy and sharp to get the job done perfectly. Rockwell hardness: 56 +- 2 HRC.     Sturdy Design & Micarta Handle : The solid Micarta handle minimizes wrist tension while providing a secure, comfortable grip no matter your hand size or where you grip. Even after prolonged use, your palm and wrist will not fatigue. Ideal for both people who cook frequently and those who just like preparing snacks. The durability and reliability of the kitchen knife are secured by the triple rivet design that attaches the handle firmly onto the blade.     Chef Knife, Finger Guard, Blade Guard and Sharpener Included : Protect your fingers and keep your knife sharp with the other three items in the box. Tips: To use the sharpener as very simple, you could also find some video tutorial on any video site by search How to use a sharpener .     Perfect as Gift : The knife comes in a high-quality black gift box, making it the perfect gift for a mother, father, grandparent or friend. Plus, with the knife sheath, young children and other family members will be protected from injury. Note: it is not Damascus steel."
